Ticker,ScanDate,Score,ScanPrice,ScanChange%,MxV,RunUp,RSI,ATRX,REL_VOL,Gap,TypicalPriceDist,PriceToHigh,PriceTo52WHigh,Float%,Volume_raw,MarketCap_raw,AvgVolume_raw,FloatShares_raw,SharesOutstanding_raw,Open_price_raw,PrevClose_raw,High_today_raw,Low_today_raw,TypicalPrice_raw,ATR14_raw,Week52High_raw,MxV_calc,REL_VOL_calc,RunUp_calc,Gap_calc,ATRX_calc,TypicalPriceDist_calc,cat_merger_acquisition,cat_fda_approval,cat_clinical_trial,cat_marketing_announcement,cat_earnings_report,cat_regulatory_compliance,cat_lawsuit,cat_share_dilution,cat_reverse_split,cat_no_clear_reason,MaxDrop%,BestDay,TP10_Hit,TP15_Hit,TP20_Hit,D1_Gap%,SL_Hit_D5,IntraDay_SL,FirstScanTime,LastScanTime,ScanCount,ScoreAtFirst,ScoreAtLast,ScoreMax,ScoreMin,ScoreStd,audit_flag,IntraHigh,IntraLow,PeakScoreTime,PeakScorePrice,PeakScore,DayRunUp%,D0_Close,D0_Volume,D0_Drop%,IntraDay_TP10,SL_Hit_D0,MinToClose,D1_Open,D1_High,D1_Low,D1_Close,D0_Open,D0_High,D0_Low,D0_Drop%_from_High,Price_vs_SMA20,Consecutive_Up,RealFloat,RealFloat_M,Sector,Industry,MarketCapCategory,DaysSinceIPO,score_version,D2_Open,D2_High,D2_Low,D2_Close,D3_Open,D3_High,D3_Low,D3_Close,D4_Open,D4_High,D4_Low,D4_Close,D5_Open,D5_High,D5_Low,D5_Close
AIOS,2026-05-01,76.59,23.0,146.78,-92.7,54.67,99.17,7.47,72.94,3440.48,-0.99,-27.72,-27.72,65.54,6261002,74730000,85842,2123323.0,3239918,14.87,0.42,31.82,14.87,23.23,2.27,31.82,-92.7,72.94,54.67,3440.48,7.47,-0.99,0,0,0,0,0,0,0,0,0,0,-38.26,1.0,1.0,1.0,1.0,-34.26,1.0,1.0,08:45,14:59,372,38.34,76.59,86.11,13.19,22.85,SUSPICIOUS,33.41,11.77,14:45,27.68,86.11,179.11,22.33,12492.0,-2.91,1,1,15,15.12,15.12,14.2,15.01,14.87,31.82,14.87,-29.82,1292.54,0.0,2123323.0,2.12,Technology,Information Technology Services,Micro,3411.0,v2,25.53,30.89,20.55,20.55,17.22,17.22,17.22,17.22,21.99,22.6,19.04,19.04,18.03,18.03,18.03,18.03
TLIH,2026-05-01,84.65,3.56,46.68,-560.71,24.91,97.82,5.35,93.4,1011.98,-2.73,-22.1,-47.99,18.6,19431628,10470000,208041,546980.0,2940434,2.85,0.2563,4.57,2.85,3.66,0.3213,6.845,-560.71,93.4,24.91,1011.98,5.35,-2.73,0,0,0,0,0,0,0,0,0,0,-9.55,1.0,0.0,0.0,0.0,-8.43,1.0,1.0,08:45,14:59,377,19.86,84.65,100.0,19.86,11.09,CLEAN,4.57,2.82,10:17,4.22,100.0,59.23,3.52,22677.0,-1.12,1,1,283,3.26,3.68,3.22,3.68,2.85,4.57,2.85,-22.98,755.52,2.0,578619.0,0.58,Industrials,Industrial Distribution,Micro,296.0,v2,4.24,4.5,3.87,3.91,3.88,4.48,3.88,4.25,4.02,4.19,3.89,4.16,4.16,4.16,4.16,4.16
ARKR,2026-05-04,61.5,8.6,25.36,97.01,25.55,86.07,12.24,59.4,-0.15,4.88,-6.01,-28.21,42.87,107809,31020000,1815,1546104.0,3606157,6.85,6.86,9.15,6.85,8.2,0.1878,11.98,97.01,59.4,25.55,-0.15,12.25,4.88,0,0,0,0,0,0,0,0,0,0,-18.49,1.0,1.0,1.0,0.0,-11.92,0.0,0.0,10:30,14:59,266,47.58,61.5,73.21,40.65,11.04,CLEAN,9.5,7.72,12:57,9.5,73.21,20.41,7.83,3010.0,-8.95,1,1,123,7.58,7.58,7.01,7.25,6.85,9.15,6.85,-14.43,11.55,0.0,1546104.0,1.55,Consumer Cyclical,Restaurants,Micro,14751.0,v2,7.25,7.25,7.25,7.25,7.25,7.25,7.25,7.25,7.25,7.25,7.25,7.25,7.01,7.01,7.01,7.01
CNSP,2026-05-04,63.03,7.93,243.13,-10016.17,-13.52,91.56,4.51,100.0,316.82,-7.54,-23.82,-23.82,88.33,82281544,6450000,32086,716785.0,811449,9.17,2.2,10.41,7.39,8.5767,0.6699,10.41,-10016.17,100.0,-13.52,316.82,4.51,-7.54,0,0,0,0,0,0,0,0,0,0,-29.51,1.0,1.0,1.0,1.0,-29.51,0.0,0.0,08:45,14:59,371,57.22,63.03,67.46,53.13,2.17,CLEAN,10.33,7.43,08:47,10.33,67.46,6.49,7.765,228266.0,-2.08,0,1,373,5.59,7.13,5.59,7.09,9.17,10.41,7.39,-25.41,198.97,0.0,716785.0,0.72,Healthcare,Biotechnology,Micro,2368.0,v2,7.19,7.7,7.05,7.05,7.25,7.5,7.02,7.28,7.21,7.41,7.21,7.31,7.43,7.43,5.97,6.89
CRE,2026-05-04,83.65,3.85,59.7,-638.79,33.22,78.46,9.08,32.57,27.88,2.94,-20.45,-54.33,67.28,14871829,7750000,456626,1102703.0,1638985,2.89,2.26,4.84,2.53,3.74,0.2545,8.43,-638.79,32.57,33.22,27.88,9.08,2.94,0,0,0,0,0,0,0,0,0,0,-25.71,2.0,1.0,1.0,1.0,-6.49,1.0,1.0,08:45,14:59,371,38.51,83.65,94.0,8.72,26.04,CLEAN,4.78,2.59,14:13,4.32,94.0,70.71,3.71,85244.0,-3.64,1,1,47,3.6,4.34,3.47,3.85,2.89,4.84,2.53,-23.35,57.47,0,1102703.0,1.1,Industrials,Specialty Business Services,Micro,284,v2,3.76,3.79,2.86,2.88,3.15,3.56,3.1,3.1,3.1,3.1,3.1,3.1,3.1,3.1,3.1,3.1
ELPW,2026-05-04,82.01,7.26,64.25,-2507.91,46.67,83.62,5.52,9.03,11.74,-2.2,-27.83,-52.11,99.86,36819731,10250000,4078374,1397616.0,1399507,4.95,4.43,10.06,4.95,7.4233,0.9265,15.16,-2507.91,9.03,46.67,11.74,5.52,-2.2,0,0,0,0,0,0,0,0,0,0,-34.99,2.0,1.0,1.0,1.0,8.95,1.0,1.0,08:51,14:59,365,16.65,82.01,94.51,16.65,15.0,SUSPICIOUS,10.11,5.4,11:36,8.47,94.51,87.22,7.34,103868.0,1.1,1,1,204,7.91,8.59,5.85,5.96,4.95,10.06,4.95,-27.04,158.2,2.0,1397616.0,1.4,Industrials,Electrical Equipment & Parts,Micro,1098.0,v2,6.55,6.78,4.72,5.59,5.83,8.19,5.57,7.0,6.95,7.11,6.06,6.35,5.76,6.01,5.45,5.45
HCAI,2026-05-04,75.0,18.28,52.09,-139.91,57.93,81.94,5.45,2.31,-5.43,2.72,-24.46,-24.46,25.95,2788911,21250000,1205841,163250.0,629167,11.575,12.24,24.2,10.91,17.7967,2.4364,24.2,-139.91,2.31,57.93,-5.43,5.45,2.72,0,0,0,0,0,0,0,0,0,0,-40.26,5.0,1.0,1.0,1.0,-9.33,0.0,0.0,12:50,14:59,130,42.71,75.0,79.8,42.71,7.93,SUSPICIOUS,24.96,14.38,14:10,19.8,79.8,73.57,18.48,19779.0,1.09,1,1,50,16.57,17.98,15.03,15.55,11.575,24.2,10.91,-23.64,208.29,2.0,163250.0,0.16,Industrials,Farm & Heavy Construction Machinery,Micro,452.0,v2,13.66,16.78,13.66,14.7,14.87,14.87,14.87,14.87,13.19,13.78,12.0,12.0,10.92,11.53,10.92,11.21
SKK,2026-05-04,100.0,13.06,646.24,-690.18,609.78,95.12,12.62,100.0,6.98,26.76,-18.43,-18.43,55.48,19276620,31860000,63625,1352229.0,2437500,1.84,1.72,16.01,1.84,10.3033,1.1227,16.01,-690.18,100.0,609.78,6.98,12.62,26.76,0,0,0,0,0,0,0,0,0,0,-64.43,1.0,1.0,1.0,1.0,-48.97,0.0,0.0,09:30,14:59,326,31.38,100.0,100.0,31.38,27.56,SUSPICIOUS,16.05,2.2,12:48,12.96,100.0,629.55,12.02,141877.0,-7.96,1,1,132,6.67,7.38,4.64,5.58,1.84,16.01,1.84,-24.92,389.54,0.0,1352229.0,1.35,Industrials,Engineering & Construction,Micro,572.0,v2,6.0,7.12,4.86,5.86,5.47,5.8,5.32,5.42,5.18,5.99,5.18,5.56,5.11,5.11,5.11,5.11
BDRX,2026-05-05,68.59,4.36,39.74,-3948.48,16.73,71.76,3.43,39.67,21.27,6.08,-2.46,-62.25,42473000.0,18199583,1960000,458811,275358405220.0,648314,3.735,3.08,4.47,3.5,4.11,0.2827,11.55,-3948.48,39.67,16.73,21.27,3.43,6.08,0,0,0,0,0,0,0,0,0,0,-6.88,4.0,0.0,0.0,0.0,3.67,1.0,1.0,10:35,14:59,229,43.65,68.59,69.92,42.65,7.96,CLEAN,4.39,3.77,13:00,4.39,69.92,15.22,4.59,18041.0,5.28,1,0,120,4.52,4.68,4.39,4.52,3.735,4.59,3.5,0.0,31.08,0,275358405220.0,275358.41,Healthcare,Biotechnology,Micro,3801,v2,4.6,5.01,4.6,4.87,4.52,4.52,4.32,4.32,4.06,4.06,4.06,4.06,4.06,4.06,4.06,4.06
PHOE,2026-05-05,71.11,47.1,169.14,99.39,119.48,98.12,9.24,3.34,24.48,38.27,0.0,22.82,25.46,132106,1020000000,39610,5500008.0,21600000,21.46,17.24,47.1,21.46,34.065,1.3181,38.35,99.39,3.34,119.48,24.48,19.45,38.27,0,0,0,0,0,0,0,0,0,0,-58.77,5.0,1.0,1.0,1.0,-28.59,0.0,0.0,10:35,14:59,193,33.88,71.11,71.11,11.41,23.99,SUSPICIOUS,66.82,20.18,14:55,47.1,71.11,218.34,33.635,635.0,-28.59,1,1,5,33.63,33.63,33.63,33.63,21.46,33.635,21.46,0.0,99.89,0,5500008.0,5.5,Industrials,Engineering & Construction,Small,374,v2,33.63,33.63,33.63,33.63,46.74,46.74,24.5,24.5,21.3,21.3,20.52,20.52,19.42,19.42,19.42,19.42
ERNA,2026-05-06,72.27,6.27,57.14,-5228.4,7.27,98.6,5.97,100.0,54.22,1.16,-18.57,-18.57,70.14,62122202,7310000,74618,817980.0,1166177,5.845,3.79,7.7,4.625,6.1983,0.5147,7.7,-5228.4,100.0,7.27,54.22,5.97,1.16,0,0,0,0,0,0,0,0,0,0,2.23,2.0,0.0,0.0,0.0,4.63,1.0,1.0,08:45,14:59,285,68.33,72.27,99.74,56.48,11.45,CLEAN,7.58,4.62,13:01,7.58,99.74,25.29,6.1,258576.0,-2.71,1,1,119,6.56,8.47,6.42,7.8,5.845,7.7,4.625,-20.78,621.44,0,818089.0,0.82,Healthcare,Biotechnology,Micro,12668,v2,7.56,8.09,6.41,7.46,7.09,7.73,7.09,7.41,7.49,15.75,7.49,12.1,14.37,14.37,11.84,12.17
OSS,2026-05-06,63.14,15.55,59.18,34.63,35.22,78.85,4.89,10.88,17.59,9.83,-4.25,-4.25,86.97,16192354,385190000,1487811,21540404.0,24769017,11.5,9.78,16.24,10.685,14.1583,1.135,16.24,34.63,10.88,35.22,17.59,4.89,9.83,0,0,0,0,0,0,0,0,0,0,-7.17,1.0,0.0,0.0,0.0,0.26,0.0,0.0,08:45,14:59,285,14.59,63.14,66.7,14.59,8.73,CLEAN,16.22,11.28,12:28,16.08,66.7,43.79,15.33,244336.0,-1.41,1,0,152,15.59,16.59,14.44,15.09,11.5,16.24,10.685,-5.6,57.19,1,21540404.0,21.54,Technology,Computer Hardware,Small,3015,v2,15.51,16.08,14.89,15.62,15.45,16.45,14.94,15.92,16.13,16.98,14.66,15.53,15.23,15.96,14.79,15.87
PMAX,2026-05-06,94.0,4.68,120.75,-4168.14,65.37,81.35,5.91,100.0,32.86,16.81,-1.27,-9.83,0.0,44323019,4860000,381337,,1037171,2.83,2.13,4.74,2.6,4.0067,0.3619,5.19,-4168.14,100.0,65.37,32.86,5.91,16.8,0,0,0,0,0,0,0,0,0,0,-52.67,3.0,1.0,1.0,1.0,-13.25,0.0,0.0,08:45,14:59,285,42.91,94.0,94.0,39.26,18.1,CLEAN,4.68,2.61,14:21,3.88,94.0,63.07,4.15,326193.0,-11.32,1,0,39,4.06,4.2,3.22,4.19,2.83,4.74,2.6,-12.45,134.77,0,,,Financial Services,Capital Markets,Micro,607,v2,4.02,4.29,3.82,4.0,3.48,3.48,2.21,2.62,2.61,2.83,2.61,2.73,2.8,3.61,2.77,3.38
STFS,2026-05-06,99.35,7.9,96.03,-428.92,51.34,92.7,8.61,67.65,33.85,7.48,-11.53,-11.53,26.76,6313609,9430000,93322,310771.0,1161250,5.22,3.9,8.93,5.22,7.35,0.4307,8.93,-428.92,67.65,51.34,33.85,8.61,7.48,0,0,0,0,0,0,0,0,0,0,-17.47,1.0,1.0,1.0,0.0,-17.47,1.0,1.0,11:39,14:59,132,31.58,99.35,100.0,13.55,26.97,CLEAN,8.89,4.83,14:21,8.6,100.0,84.06,7.82,45737.0,-1.01,1,1,39,6.52,8.02,6.52,8.02,5.22,8.93,5.22,-12.43,93.44,0,310771.0,0.31,Communication Services,Advertising Agencies,Micro,571,v2,8.61,18.53,8.61,10.29,10.12,10.12,10.12,10.12,10.12,10.12,10.12,10.12,10.13,10.14,10.13,10.14
AGL,2026-05-07,67.04,61.25,119.93,77.98,39.55,86.98,4.1,10.96,57.99,9.19,-3.66,-3.66,64.45,3667768,1020000000,334686,10737991,16659819,43.89,27.78,63.58,43.455,56.095,4.9135,63.58,77.98,10.96,39.55,57.99,4.1,9.19,0,0,0,0,0,0,0,0,0,0,-15.43,1.0,1.0,1.0,0.0,-0.33,1.0,1.0,08:45,14:58,223,14.65,67.04,67.04,14.18,13.82,CLEAN,63.49,42.98,14:58,61.25,67.04,44.33,60.49,88839.0,-1.24,1,0,2,61.05,61.05,51.8,53.99,43.89,63.58,43.455,-4.86,114.51,1.0,10803919.0,10.8,Healthcare,Medical Care Facilities,Small,1847.0,v2,54.95,59.78,52.62,59.49,59.16,71.86,59.16,69.61,68.21,73.56,68.21,71.89,71.41,79.27,71.41,78.77
APT,2026-05-07,65.64,6.49,38.14,90.19,25.78,86.89,7.56,27.63,4.88,7.18,-0.69,-0.69,77.54,999609,66129999,36181,7922021,10216932,5.16,4.92,6.535,5.14,6.055,0.1844,6.535,90.19,27.63,25.78,4.88,7.57,7.18,0,0,0,0,0,0,0,0,0,0,-8.78,5.0,0.0,0.0,0.0,4.55,1.0,1.0,09:38,14:58,179,20.35,65.64,66.92,19.75,12.35,CLEAN,6.53,5.41,14:38,6.53,66.92,20.26,6.47,20120.0,-0.31,1,0,22,6.79,6.81,5.92,6.39,5.16,6.535,5.14,-0.99,37.67,2.0,7922021.0,7.92,Industrials,Building Products & Equipment,Micro,9941.0,v2,7.24,7.41,6.55,6.62,6.66,6.7,6.13,6.22,6.0,6.1,5.95,6.1,6.0,6.0,5.92,5.92
ATRA,2026-05-07,94.0,11.73,127.77,-740.52,50.1,84.77,7.08,100.0,51.16,14.35,-4.21,-37.74,63.97,71548490,99850000,228454,5445070,8512272,7.815,5.17,12.245,6.8,10.2583,0.7687,18.84,-740.52,100.0,50.1,51.16,7.08,14.35,0,0,0,0,0,0,0,0,0,0,-32.91,1.0,1.0,1.0,1.0,-17.31,0.0,0.0,08:45,14:58,223,32.01,94.0,97.0,31.22,23.65,CLEAN,12.2,6.92,12:33,10.54,97.0,62.88,9.915,624579.0,-15.47,1,0,147,9.7,9.7,7.87,8.46,7.815,12.245,6.8,-19.03,89.24,1.0,4737278.0,4.74,Healthcare,Biotechnology,Micro,4220.0,v2,8.9,9.03,8.04,8.84,9.36,10.53,9.07,9.76,9.34,10.5,9.16,10.41,10.49,10.49,9.35,9.55
ERNA,2026-05-07,65.48,7.51,24.34,-747.26,14.48,98.95,3.17,8.8,7.54,0.6,-11.33,-11.33,70.14,9871484,8750000,1121224,817980,1166177,6.56,6.1,8.47,6.415,7.465,0.6473,8.47,-747.26,8.8,14.48,7.54,3.17,0.6,0,0,0,0,0,0,0,0,0,0,-14.65,1.0,1.0,0.0,0.0,0.67,1.0,1.0,09:28,14:58,185,52.37,65.48,87.52,18.33,18.3,CLEAN,8.43,6.72,14:30,8.43,87.52,19.57,7.8,19155.0,3.86,1,1,30,7.56,8.09,6.41,7.46,6.56,8.47,6.415,-7.91,536.63,1.0,818089.0,0.82,Healthcare,Biotechnology,Micro,12669.0,v2,7.09,7.73,7.09,7.41,7.49,15.75,7.49,12.1,14.37,14.37,11.84,12.17,11.38,11.45,9.7,9.7
LIFE,2026-05-07,63.76,30.85,33.43,96.82,27.03,94.99,5.0,4.32,4.54,5.62,-5.05,-5.05,84.43,1998358,1940000000,462455,25997230,30790388,24.285,23.23,32.49,24.285,29.2083,1.6425,32.49,96.82,4.32,27.03,4.54,5.0,5.62,0,0,0,0,0,0,0,0,0,0,-28.56,5.0,1.0,1.0,1.0,-4.28,0.0,0.0,08:49,14:58,220,34.98,63.76,69.07,34.98,7.7,CLEAN,32.32,27.0,10:35,32.09,69.07,19.7,30.605,69322.0,-0.79,1,0,265,29.53,31.94,29.46,29.77,24.285,32.49,24.285,-5.8,72.56,4.0,19902236.0,19.9,Financial Services,Insurance Brokers,Mid+,97.0,v2,29.13,30.61,27.16,29.84,29.75,29.75,25.44,25.61,26.06,26.06,23.26,24.41,22.17,23.42,22.04,22.51
CODX,2026-05-08,72.31,2.6,34.72,-161.18,20.93,78.33,5.06,7.86,11.4,7.36,-4.94,-57.34,97.13,9402628,9360000,1196775,3499254,3602465,2.15,1.93,2.735,1.93,2.4217,0.159,6.095,-161.18,7.86,20.93,11.4,5.06,7.36,0,0,0,0,0,0,0,0,0,0,-50.38,5.0,1.0,1.0,1.0,-2.31,0.0,0.0,11:27,14:59,126,31.39,72.31,75.25,31.39,9.79,CLEAN,2.68,2.22,14:55,2.66,75.25,20.72,2.53,83734.0,-2.69,1,0,5,2.54,2.6,1.85,1.89,2.15,2.735,1.93,-7.5,53.26,2.0,3499254.0,3.5,Healthcare,Medical Devices,Micro,3221.0,v2,1.92,1.93,1.68,1.71,1.68,1.71,1.52,1.58,1.64,1.64,1.5,1.64,1.46,1.46,1.29,1.29
RXT,2026-05-08,65.41,5.51,56.53,40.61,42.93,89.38,4.26,4.96,8.9,8.32,-8.17,-8.17,44.08,146578452,1360000000,29546083,109858082,249222499,3.855,3.54,6.0,3.75,5.0867,0.5281,6.0,40.61,4.96,42.93,8.9,4.26,8.32,0,0,0,0,0,0,0,0,0,0,-15.34,1.0,1.0,1.0,0.0,1.09,1.0,1.0,08:55,14:59,247,33.96,65.41,68.23,25.12,11.25,CLEAN,5.99,4.19,12:00,5.83,68.23,35.83,5.49,1942635.0,-0.36,1,0,180,5.57,5.72,4.67,4.71,3.855,6.0,3.75,-8.5,191.02,1.0,102520167.0,102.52,Technology,Software - Infrastructure,Small,2101.0,v2,4.76,6.34,4.76,6.34,6.0,6.71,5.57,5.76,5.63,7.65,5.36,7.3,6.75,7.32,5.79,5.82
WOK,2026-05-11,100.0,2.84,121.89,-9277.74,84.42,96.52,13.05,100.0,15.79,23.35,-26.71,-60.83,99.96,114249904,3460000,31391,1218758,1219255,1.54,1.33,3.875,0.192,2.3023,0.2822,7.25,-9277.74,100.0,84.42,15.79,13.05,23.35,0,0,0,0,0,0,0,0,0,0,-88.2,5.0,1.0,1.0,1.0,-13.38,1.0,1.0,14:48,14:59,10,100.0,100.0,100.0,100.0,0.0,SUSPICIOUS,3.01,2.18,14:48,2.28,100.0,32.02,4.06,834134.0,42.96,1,0,12,2.46,6.95,1.89,5.42,1.54,4.06,0.192,0.0,193.67,0,1218758.0,1.22,Healthcare,Medical Devices,Micro,625,v2,1.27,3.75,1.27,2.74,2.21,2.28,1.29,1.32,1.05,1.05,0.59,0.66,0.5,0.52,0.34,0.38
AEHL,2026-05-12,86.52,2.23,56.29,-887.89,81.3,81.99,3.9,6.69,-13.38,12.15,-10.98,-72.77,50.36,48065717,10850000,7183735,1312247,2605958,1.23,1.42,2.505,1.23,1.9883,0.327,8.19,-887.89,6.69,81.3,-13.38,3.9,12.16,0,0,0,0,0,0,0,0,1,0,10.76,2.0,0.0,0.0,0.0,35.2,1.0,1.0,10:12,14:59,280,76.0,86.52,88.98,55.45,6.98,SUSPICIOUS,2.5,2.0,13:34,2.2,88.98,17.92,2.1,175015.0,-5.83,1,1,86,3.02,4.09,2.65,3.53,1.23,2.505,1.23,-16.17,188.0,3.0,1495251.0,1.5,Industrials,Building Products & Equipment,Micro,6720.0,v2,5.14,5.68,2.47,4.54,3.75,5.03,3.6,3.67,3.69,4.32,3.61,3.77,3.49,4.09,3.38,3.67
BWEN,2026-05-12,65.0,4.02,97.83,38.35,65.77,76.69,6.66,85.56,17.15,10.54,-12.23,-12.23,86.41,14414261,93990000,168461,20222745,23404116,2.425,2.07,4.58,2.31,3.6367,0.341,4.58,38.35,85.56,65.77,17.15,6.66,10.54,1,0,0,0,0,0,0,0,0,0,-12.94,5.0,1.0,0.0,0.0,0.75,1.0,1.0,08:48,14:59,371,6.66,65.0,65.0,6.56,16.63,CLEAN,4.06,2.36,13:57,3.43,65.0,70.59,4.385,281866.0,9.08,1,0,63,4.05,4.72,3.61,3.86,2.425,4.58,2.31,-4.26,74.93,0.0,20222745.0,20.22,Industrials,Specialty Industrial Machinery,Micro,7487.0,v2,3.92,4.34,3.67,3.88,3.71,4.85,3.71,4.51,4.29,4.31,3.69,3.81,3.7,3.84,3.5,3.59
ERNA,2026-05-12,89.38,11.31,56.87,-1505.81,51.0,96.14,6.55,13.93,1.15,-1.79,-28.19,-28.19,70.14,18727375,13190000,1343992,817980,1166177,7.49,7.405,15.75,7.49,11.5167,1.2602,15.75,-1505.81,13.93,51.0,1.15,6.55,-1.79,0,0,1,1,0,0,0,1,1,0,-17.33,3.0,1.0,1.0,0.0,27.06,1.0,1.0,08:53,14:59,366,33.71,89.38,99.18,33.71,12.55,SUSPICIOUS,15.6,8.4,12:29,13.17,99.18,85.71,12.1,103000.0,6.98,1,1,151,14.37,14.37,11.84,12.17,7.49,15.75,7.49,-23.17,375.65,0.0,818089.0,0.82,Healthcare,Biotechnology,Micro,12674.0,v2,11.38,11.45,9.7,9.7,9.35,14.92,9.35,13.62,13.66,13.66,11.68,11.73,11.24,11.24,11.24,11.24
TDIC,2026-05-12,94.0,2.63,152.98,-1381.51,45.71,81.1,5.05,69.35,67.13,14.35,-8.04,-66.5,22.52,109733212,19480000,1582270,6216296,27601702,1.805,1.08,2.86,1.41,2.3,0.2871,7.85,-1381.51,69.35,45.71,67.13,5.05,14.35,0,0,0,1,0,1,0,0,0,0,-78.32,5.0,1.0,1.0,1.0,14.45,1.0,1.0,10:32,14:59,219,65.17,94.0,94.0,36.14,15.64,CLEAN,2.74,2.0,14:24,2.41,94.0,37.0,2.335,649710.0,-11.22,1,0,36,3.01,29.99,2.93,22.82,1.805,2.86,1.41,-18.36,123.22,0.0,6216296.0,6.22,Communication Services,Advertising Agencies,Micro,292.0,v2,21.56,21.8,0.88,0.88,1.55,1.75,0.7,1.04,0.8,0.95,0.67,0.71,0.63,0.65,0.57,0.58
WOK,2026-05-12,99.53,6.05,54.34,-4703.26,145.93,98.02,7.95,23.1,-39.41,21.93,-12.89,-16.55,99.96,58591821,7380000,2536463,1218758,1219255,2.46,4.06,6.945,1.89,4.9617,0.6355,7.25,-4703.26,23.1,145.93,-39.41,7.95,21.93,0,0,0,1,0,1,0,1,1,0,-96.41,5.0,1.0,1.0,1.0,-79.01,0.0,0.0,13:14,14:59,106,97.19,99.53,100.0,65.47,11.92,SUSPICIOUS,6.81,4.26,14:19,6.39,100.0,37.58,5.415,497083.0,-10.5,1,1,41,1.27,3.75,1.27,2.74,2.46,6.945,1.89,-22.03,239.55,1.0,1218758.0,1.22,Healthcare,Medical Devices,Micro,626.0,v2,2.21,2.28,1.29,1.32,1.05,1.05,0.59,0.66,0.5,0.52,0.34,0.38,0.26,0.29,0.22,0.24
AEHL,2026-05-13,71.42,3.48,64.92,-1377.01,15.42,90.3,3.22,8.95,43.57,2.15,-14.91,-57.51,50.36,71686151,16890000,8012216,1312247,2605958,3.015,2.1,4.09,2.65,3.4067,0.4466,8.19,-1377.01,8.95,15.42,43.57,3.22,2.15,0,0,0,0,0,0,0,0,1,0,-29.02,1.0,1.0,1.0,1.0,47.84,1.0,1.0,08:45,14:59,368,45.53,71.42,90.78,41.6,13.13,CLEAN,4.15,2.65,14:45,4.15,90.78,35.62,3.53,213494.0,1.44,1,1,15,5.14,5.68,2.47,4.54,3.015,4.09,2.65,-13.69,305.4,4.0,1495251.0,1.5,Industrials,Building Products & Equipment,Micro,6721.0,v2,3.75,5.03,3.6,3.67,3.69,4.32,3.61,3.77,3.49,4.09,3.38,3.67,3.67,3.67,2.81,2.94
AIIO,2026-05-13,99.59,2.59,101.95,-300.02,79.86,93.07,5.65,13.77,14.74,14.43,-6.16,-24.71,51.68,78258111,50670000,5681508,9284938,17966028,1.44,1.255,2.76,1.44,2.2633,0.2335,3.44,-300.02,13.77,79.86,14.74,5.65,14.43,1,0,0,1,0,0,0,0,0,0,26.45,1.0,0.0,0.0,0.0,67.18,1.0,1.0,10:23,14:59,270,69.72,99.59,99.59,69.72,7.61,CLEAN,2.73,2.03,14:58,2.58,99.59,34.48,2.595,576339.0,0.19,1,0,2,4.33,9.12,3.27,5.59,1.44,2.76,1.44,-5.98,220.82,3.0,9284938.0,9.28,Consumer Cyclical,Auto Manufacturers,Micro,2244.0,v2,4.31,5.46,3.48,4.01,4.5,6.32,4.29,5.55,5.22,5.35,4.01,4.23,3.81,4.26,3.69,3.77
BESS,2026-05-13,62.81,3.45,39.68,84.36,35.29,69.85,5.08,13.51,6.69,9.06,-1.15,-9.92,39.21,1105941,24400000,81865,2772944,7072573,2.55,2.39,3.49,2.55,3.1633,0.1851,3.83,84.36,13.51,35.29,6.69,5.08,9.06,0,0,0,0,0,0,0,0,0,1,-5.8,3.0,0.0,0.0,0.0,-1.45,1.0,1.0,09:18,14:59,335,33.31,62.81,62.81,22.3,8.83,CLEAN,3.52,2.8,14:59,3.45,62.81,18.52,3.42,27183.0,-0.87,1,0,1,3.4,3.9,3.26,3.85,2.55,3.49,2.55,-2.01,23.5,0.0,2772944.0,2.77,Utilities,Utilities - Renewable,Micro,8105.0,v2,3.53,3.89,3.37,3.58,3.64,3.69,3.25,3.38,3.35,3.73,3.35,3.38,3.55,4.2,3.5,4.14
MEI,2026-05-13,69.75,13.99,49.47,66.94,41.74,88.06,6.8,23.76,5.11,6.9,-9.92,-9.92,98.6,11711671,495670000,492838,34932624,35430421,9.87,9.39,15.53,9.74,13.0867,0.851,15.53,66.94,23.76,41.74,5.11,6.8,6.9,0,0,0,0,1,0,0,0,0,0,-29.38,3.0,1.0,1.0,1.0,-2.22,0.0,0.0,10:39,14:59,254,26.3,69.75,74.99,26.3,12.87,CLEAN,15.51,10.77,14:11,14.96,74.99,44.01,13.9,347655.0,-0.64,1,1,49,13.68,13.68,10.25,11.02,9.87,15.53,9.74,-10.5,61.87,0.0,34932624.0,34.93,Technology,Electronic Components,Small,15910.0,v2,10.81,10.81,10.15,10.55,10.74,10.85,9.88,10.52,10.4,10.46,10.07,10.18,10.26,10.89,10.23,10.88
TDIC,2026-05-13,100.0,21.26,800.85,-1245.32,606.31,98.18,12.07,27.8,28.91,17.72,-29.11,-29.11,22.52,99531826,157290000,3580770,6216296,27601702,3.01,2.335,29.99,2.93,18.06,2.2419,29.99,-1245.32,27.8,606.31,28.91,12.07,17.72,0,0,0,1,0,0,0,0,0,0,-97.32,4.0,1.0,1.0,1.0,1.41,0.0,0.0,08:45,14:59,368,38.29,100.0,100.0,30.33,18.55,SUSPICIOUS,27.92,2.93,13:04,6.41,100.0,767.08,22.82,754352.0,7.34,1,1,116,21.56,21.8,0.88,0.88,3.01,29.99,2.93,-23.91,946.58,1.0,6216296.0,6.22,Communication Services,Advertising Agencies,Micro,293.0,v2,1.55,1.75,0.7,1.04,0.8,0.95,0.67,0.71,0.63,0.65,0.57,0.58,0.64,0.66,0.58,0.59
AEHL,2026-05-14,69.44,4.98,37.57,-687.49,-3.21,92.61,4.98,4.16,45.75,13.79,-12.32,-39.19,50.36,38220216,24170000,9183912,1312247,2605958,5.145,3.53,5.68,2.47,4.3767,0.6447,8.19,-687.49,4.16,-3.21,45.75,4.98,13.78,0,0,0,0,0,0,0,0,0,0,-62.35,5.0,1.0,1.0,1.0,-24.8,0.0,0.0,08:45,14:59,316,48.93,69.44,79.55,17.12,19.73,CLEAN,5.68,2.47,12:37,5.68,79.55,9.86,4.54,93779.0,-8.84,1,1,143,3.75,5.03,3.6,3.67,5.145,5.68,2.47,-20.07,327.41,5.0,1495251.0,1.5,Industrials,Building Products & Equipment,Micro,6722.0,v2,3.69,4.32,3.61,3.77,3.49,4.09,3.38,3.67,3.67,3.67,2.81,2.94,2.46,2.46,1.88,2.0
AIIO,2026-05-14,90.0,6.01,130.27,-706.94,38.8,97.07,8.56,22.77,66.86,-2.04,-34.1,-34.1,51.68,158205056,117830000,6947113,9284938,17966028,4.33,2.595,9.12,3.275,6.135,0.6829,9.12,-706.94,22.77,38.8,66.86,8.56,-2.04,0,0,0,0,0,0,0,0,0,0,-54.08,5.0,1.0,1.0,1.0,-28.29,0.0,0.0,08:45,14:59,316,44.42,90.0,100.0,30.33,15.75,SUSPICIOUS,8.81,3.29,12:30,8.81,100.0,104.88,5.595,815811.0,-6.91,1,1,150,4.31,5.46,3.48,4.01,4.33,9.12,3.275,-38.65,430.96,4.0,9284938.0,9.28,Consumer Cyclical,Auto Manufacturers,Micro,2245.0,v2,4.5,6.32,4.29,5.55,5.22,5.35,4.01,4.23,3.81,4.26,3.69,3.77,3.38,3.68,2.76,3.08
FCHL,2026-05-14,71.87,2.81,38.33,-237.07,40.5,62.26,1.94,2.7,-1.96,9.77,-4.1,-62.53,511.35,4150394,3460000,1539973,6298330,1231697,2.0,2.04,2.93,1.94,2.56,0.5093,7.5,-237.07,2.7,40.5,-1.96,1.94,9.77,0,0,0,0,0,0,0,0,0,0,-46.09,5.0,1.0,1.0,1.0,-3.56,0.0,0.0,09:56,14:59,250,28.03,71.87,72.52,23.7,13.96,CLEAN,2.99,2.34,13:57,2.99,72.52,26.16,2.675,11851.0,-4.8,1,0,63,2.71,2.71,1.64,1.77,2.0,2.93,1.94,-8.7,140.55,1.0,,,Consumer Defensive,Education & Training Services,Micro,251.0,v2,1.66,1.7,1.66,1.7,1.69,1.7,1.61,1.61,1.72,1.75,1.52,1.52,1.58,1.58,1.51,1.51
LESL,2026-05-14,91.0,3.52,146.15,-325.27,96.65,80.19,8.28,100.0,23.45,5.6,-25.19,-49.24,97.5,39615419,32790000,156927,9084033,9316575,1.79,1.45,4.705,1.775,3.3333,0.3539,6.935,-325.27,100.0,96.65,23.45,8.28,5.6,0,0,0,0,0,0,0,0,0,0,-34.23,2.0,1.0,1.0,1.0,10.37,1.0,1.0,09:11,14:59,290,31.83,91.0,94.0,26.57,20.16,SUSPICIOUS,4.53,2.0,12:06,4.0,94.0,118.84,3.545,442351.0,0.71,1,1,174,3.88,4.16,2.65,3.07,1.79,4.705,1.775,-24.65,93.45,0.0,9124397.0,9.12,Consumer Cyclical,Specialty Retail,Micro,2022.0,v2,3.12,3.12,2.31,2.67,2.52,2.71,2.44,2.62,2.88,2.93,2.71,2.93,3.04,3.14,2.83,3.14
QUCY,2026-05-14,92.44,2.87,114.18,-1962.1,50.66,92.35,7.54,27.01,41.64,1.95,-27.16,-27.16,86.66,258085539,35920000,9553977,10846040,12515335,1.905,1.345,3.94,1.635,2.815,0.3058,3.94,-1962.1,27.01,50.66,41.64,7.54,1.95,0,0,0,0,0,0,0,0,0,0,-20.91,4.0,1.0,1.0,1.0,-13.59,1.0,1.0,08:45,14:59,290,60.72,92.44,100.0,30.33,11.94,SUSPICIOUS,3.8,2.01,10:14,3.14,100.0,86.27,2.995,2767934.0,4.36,1,1,286,2.48,4.88,2.48,3.4,1.905,3.94,1.635,-23.98,395.48,1.0,12705662.0,12.71,Healthcare,Diagnostics & Research,Micro,1650.0,v2,4.31,4.38,3.27,3.3,3.02,3.02,2.51,2.54,2.33,3.74,2.27,3.35,3.92,4.86,3.33,3.57
HYLN,2026-05-15,67.47,4.61,24.96,94.54,29.86,92.31,4.51,8.06,-4.05,7.84,-3.05,-3.05,69.07,9732679,822310000,1207622,123170625,178327240,3.55,3.7,4.755,3.46,4.275,0.2874,4.755,94.54,8.06,29.86,-4.05,4.51,7.84,0,0,0,0,0,0,0,0,0,0,-17.03,2.0,1.0,1.0,0.0,-1.63,1.0,1.0,09:50,14:59,244,48.92,67.47,67.85,41.48,8.48,CLEAN,4.75,4.09,14:53,4.64,67.85,12.03,4.675,488291.0,1.41,1,0,7,4.54,4.82,4.07,4.2,3.55,4.755,3.46,-1.68,94.29,2.0,123174191.0,123.17,Consumer Cyclical,Auto Parts,Small,2324.0,v2,4.04,4.21,3.83,4.08,4.09,4.28,3.85,4.07,4.18,4.37,4.16,4.18,4.29,6.24,4.29,5.96
PIII,2026-05-15,100.0,12.81,217.74,-748.04,145.64,93.74,9.92,100.0,30.87,19.55,-10.17,-10.17,42.39,61361859,92690000,89838,1406662,3318290,5.215,3.985,14.26,5.075,10.715,0.9262,14.26,-748.04,100.0,145.64,30.87,9.92,19.55,0,0,0,0,0,0,0,0,0,0,-39.97,1.0,1.0,1.0,1.0,-31.26,1.0,1.0,08:45,14:59,298,26.19,100.0,100.0,26.19,13.6,SUSPICIOUS,14.17,5.11,09:57,9.49,100.0,176.76,11.29,629089.0,-11.87,1,1,303,8.8,9.12,7.69,9.12,5.215,14.26,5.075,-20.83,226.42,1.0,1420208.0,1.42,Healthcare,Medical Care Facilities,Mid+,1864.0,v2,10.07,12.86,9.36,10.43,11.21,11.51,9.99,9.99,10.06,14.59,9.85,13.9,13.98,14.03,13.08,13.1
QUCY,2026-05-15,83.58,3.61,20.33,-526.05,45.56,93.41,5.27,5.67,-17.2,-1.28,-26.02,-26.02,86.66,78369295,45190000,13822887,10846040,12515335,2.48,2.995,4.88,2.48,3.6567,0.4554,4.88,-526.05,5.67,45.56,-17.2,5.27,-1.28,0,0,0,0,0,0,0,0,0,0,-37.12,3.0,1.0,1.0,1.0,19.39,1.0,1.0,09:36,14:59,256,70.38,83.58,95.01,50.05,12.26,CLEAN,4.88,3.07,13:12,4.23,95.01,21.09,3.405,1144157.0,-5.68,1,1,108,4.31,4.38,3.27,3.3,2.48,4.88,2.48,-30.23,353.27,2.0,12705662.0,12.71,Healthcare,Diagnostics & Research,Micro,1651.0,v2,3.02,3.02,2.51,2.54,2.33,3.74,2.27,3.35,3.92,4.86,3.33,3.57,3.67,3.7,3.33,3.34
SKK,2026-05-15,66.93,4.76,40.41,-194.18,31.13,55.14,1.27,10.89,6.92,4.46,-9.85,-70.27,55.48,7169161,11600000,658177,1352229,2437500,3.63,3.395,5.28,3.63,4.5567,1.2991,16.01,-194.18,10.89,31.13,6.92,1.27,4.46,0,0,0,0,0,0,0,0,0,0,-19.33,4.0,1.0,1.0,0.0,1.68,0.0,0.0,09:34,14:59,258,15.24,66.93,70.7,13.66,18.49,CLEAN,5.47,3.92,14:37,4.97,70.7,39.54,4.77,17931.0,0.21,1,1,23,4.84,4.84,4.3,4.5,3.63,5.28,3.63,-9.66,27.35,0.0,1352229.0,1.35,Industrials,Engineering & Construction,Micro,583.0,v2,4.27,4.6,4.27,4.49,4.3,4.48,4.28,4.28,3.88,3.88,3.84,3.84,3.84,3.84,3.84,3.84
SLE,2026-05-15,61.01,6.03,48.16,-2963.87,-13.8,85.26,5.64,100.0,75.75,-2.19,-14.1,-46.35,81.63,44713148,8800000,18967,1220118,1494616,6.995,3.98,7.02,5.445,6.165,0.2794,11.24,-2963.87,100.0,-13.8,75.75,5.64,-2.19,0,0,0,0,0,0,0,0,0,0,-29.6,1.0,1.0,1.0,1.0,-21.64,0.0,0.0,08:45,14:59,298,61.31,61.01,69.62,56.97,1.81,CLEAN,6.82,5.52,10:08,6.82,69.62,4.12,5.96,154231.0,-1.16,0,1,292,4.72,4.84,4.25,4.84,6.995,7.02,5.445,-15.1,44.38,0.0,1255426.0,1.26,Communication Services,Internet Content & Information,Micro,2634.0,v2,4.78,5.75,4.66,5.53,4.95,5.56,4.95,5.47,5.12,5.25,5.03,5.03,4.93,4.93,4.5,4.5
ASBP,2026-05-18,67.49,6.79,21.03,-324.83,17.68,89.63,3.04,0.38,-1.87,5.38,-3.55,-3.55,99.17,5143035,8220000,13414078,1200954,1210983,5.77,5.88,7.04,5.5,6.4433,0.5069,7.04,-324.83,0.38,17.68,-1.87,3.04,5.38,1,0,0,0,0,0,0,1,1,0,-20.03,4,1,1,1,-8.39,0,0,13:27,14:59,56,64.46,68.06,74.85,61.47,2.75,CLEAN,7.05,6.58,13:53,7.05,74.85,5.54,6.71,11664.0,-1.18,0,0,67,6.22,6.22,5.82,5.83,5.77,7.04,5.5,-4.69,264.94,2.0,1200954.0,1.2,Healthcare,Biotechnology,Micro,1497.0,v2,5.83,5.95,5.83,5.95,5.9,5.9,5.71,5.71,5.47,5.49,5.43,5.49,5.49,5.49,5.49,5.49
WNW,2026-05-19,66.32,4.93,104.51,-3685.99,20.54,61.13,3.55,67.48,74.04,-1.92,-22.24,-63.32,9.14,50377455,6560000,746587,121591,1330471,4.09,2.35,6.34,3.81,5.0267,0.7125,13.44,-3685.99,67.48,20.54,74.04,3.55,-1.92,0,0,0,0,0,0,0,0,0,0,-23.73,1,1,1,1,6.29,1,1,08:45,14:59,264,43.16,66.32,84.2,43.16,9.06,CLEAN,6.24,3.95,11:21,5.93,84.2,57.97,4.76,190701.0,-3.45,1,1,219,5.24,6.49,3.76,3.85,4.09,6.34,3.81,-24.92,28.67,0.0,155631.0,0.16,Consumer Cyclical,Internet Retail,Micro,1980.0,v2,4.37,4.37,4.12,4.27,4.27,4.27,4.27,4.27,4.27,4.27,4.27,4.27,4.27,4.27,4.27,4.27
HCWB,2026-05-20,82.72,2.28,115.07,-2684.11,117.14,84.77,8.18,11.15,1.45,-6.43,-42.71,-75.19,91.36,187561249,15360000,16823280,6152075,6734104,1.05,1.035,3.98,1.05,2.4367,0.358,9.19,-2684.11,11.15,117.14,1.45,8.18,-6.43,0,0,0,0,0,0,0,0,0,0,-27.63,1,1,1,1,-2.19,1,1,09:27,14:59,283,89.48,82.72,95.52,30.33,7.25,SUSPICIOUS,3.84,2.0,14:15,2.84,95.52,73.76,2.42,917965.0,6.14,1,1,45,2.23,2.91,1.65,2.59,1.05,3.98,1.05,-39.2,304.72,0.0,6152075.0,6.15,Healthcare,Biotechnology,Micro,1764.0,v2,3.23,3.41,2.72,2.89,2.72,2.945,2.49,2.635,2.72,2.94,2.49,2.63,2.48,2.53,1.9,1.95
MTVA,2026-05-20,93.48,2.94,56.38,-1062.25,48.48,80.73,5.79,39.35,5.88,7.82,-10.91,-76.8,65.58,60010217,15180000,1525103,3386639,5164370,1.98,1.87,3.3,1.94,2.7267,0.235,12.675,-1062.25,39.35,48.48,5.88,5.79,7.82,0,0,0,0,0,0,0,0,0,0,-18.03,1,1,1,0,-11.22,1,1,09:19,14:59,289,33.0,93.48,94.0,28.87,17.17,CLEAN,3.3,2.17,14:43,3.04,94.0,45.37,2.895,399679.0,-1.53,1,1,17,2.61,3.01,2.41,2.89,1.98,3.3,1.94,-12.27,99.86,1.0,3386639.0,3.39,Healthcare,Biotechnology,Micro,3574.0,v2,3.56,4.29,3.38,3.85,3.36,3.5,2.84,3.035,3.36,3.5,2.84,3.04,3.05,3.77,3.05,3.33
CODX,2026-05-21,63.38,3.77,57.74,-2393.86,17.81,74.59,3.25,25.05,35.02,0.58,-16.04,-38.15,97.13,89831842,13580000,3585980,3499254,3602465,3.2,2.37,4.49,2.985,3.7483,0.4631,6.095,-2393.86,25.05,17.81,35.02,3.25,0.58,0,0,0,0,0,0,0,0,0,0,-15.38,1,1,1,0,-11.14,1,1,08:45,14:59,336,36.42,63.38,83.0,32.69,12.38,CLEAN,4.47,2.99,10:20,4.32,83.0,36.7,3.7,397006.0,-1.86,1,1,280,3.35,5.35,3.19,5.07,3.2,4.49,2.985,-17.59,102.32,3.0,3499254.0,3.5,Healthcare,Medical Devices,Micro,3234.0,v2,6.96,10.8,6.36,9.355,6.96,10.8,6.36,9.36,8.04,11.47,6.77,7.64,8.78,13.51,8.78,11.1
EDHL,2026-05-21,89.47,3.35,53.67,-304.72,37.01,62.9,5.35,46.23,9.4,8.83,-2.62,-51.02,32.48,6341181,5248766,137179,541256,1666275,2.445,2.235,3.44,2.445,3.0783,0.1859,6.84,-304.72,46.23,37.01,9.4,5.35,8.83,0,0,0,0,0,0,0,0,0,0,-20.3,2,1,1,1,-8.06,0,0,08:50,14:59,329,35.69,89.47,89.47,5.77,13.87,CLEAN,3.35,2.49,14:57,3.35,89.47,31.37,3.16,28440.0,-5.67,1,0,3,3.08,3.26,3.06,3.17,2.445,3.44,2.445,-8.14,18.5,0.0,541273.0,0.54,Communication Services,Advertising Agencies,Micro,398.0,v2,2.67,2.67,2.67,2.67,2.67,2.67,2.67,2.67,2.67,2.67,2.67,2.67,2.9,3.23,2.85,3.23
PCLA,2026-05-21,65.0,2.47,76.42,35.16,43.6,77.7,12.08,100.0,-15.69,12.61,-5.73,-63.46,11.24,22447905,85510000,8316,1080482,9613805,1.72,2.04,2.62,1.49,2.1933,0.0935,6.76,35.16,100.0,43.6,-15.69,12.09,12.62,0,0,0,0,0,0,0,0,0,0,85.83,1,0,0,0,150.2,1,1,09:56,14:59,260,51.09,65.0,70.68,42.31,6.86,CLEAN,2.55,2.0,14:42,2.26,70.68,26.87,2.37,48344.0,-4.05,1,0,18,6.18,7.36,4.59,6.62,1.72,2.62,1.49,-9.54,16.03,0.0,1080482.0,1.08,Communication Services,Telecom Services,Micro,489.0,v2,6.44,13.8,6.03,11.69,6.44,13.8,6.03,11.69,9.82,12.8,9.56,12.21,10.34,10.77,9.49,10.05
AKTX,2026-05-22,72.0,16.53,221.62,33.69,66.8,88.58,7.12,100.0,108.19,13.01,-11.41,-11.41,3560800.0,30021887,748360000,68240,40756489504,1144588,9.91,4.76,18.66,8.69,14.6267,1.4,18.66,33.69,100.0,66.8,108.19,7.12,13.01,0,0,0,0,0,0,0,0,0,0,-16.82,1,1,1,0,-16.82,1,1,08:45,14:59,111,20.98,72.0,72.0,19.1,22.12,CLEAN,16.93,8.61,12:48,13.95,72.0,64.37,17.95,178149.0,8.59,1,0,132,13.75,19.99,13.75,18,9.91,18.66,8.69,-3.8,226.05,4.0,41328783504.0,41328.78,Healthcare,Biotechnology,Micro,4518.0,v2,13.75,19.99,13.75,18.0,17.49,17.89,14.91,16.22,16.76,24.81,16.68,22.56,24.96,24.99,16.2,16.2
CODX,2026-05-22,76.53,5.17,39.33,-150.99,54.1,81.76,3.69,1.82,-9.32,13.13,-3.36,-15.18,97.13,9044300,18630000,4980249,3499254,3602465,3.355,3.7,5.35,3.19,4.57,0.5848,6.095,-150.99,1.82,54.1,-9.32,3.69,13.13,0,0,0,0,0,0,0,0,0,0,23.02,1,0,0,0,34.62,1,1,13:49,14:59,32,48.55,76.53,76.53,48.55,8.41,CLEAN,5.23,4.28,14:59,5.17,76.53,22.2,5.065,81748.0,-2.03,1,0,1,6.96,10.8,6.36,9.355,3.355,5.35,3.19,-5.33,153.5,4.0,3499254.0,3.5,Healthcare,Medical Devices,Micro,3235.0,v2,6.96,10.8,6.36,9.355,8.045,11.47,6.77,7.64,8.78,13.51,8.78,11.095,11.79,13.17,8.2,8.21
HYLN,2026-05-22,63.58,5.76,37.02,90.21,34.27,85.88,4.3,11.13,2.63,6.08,-7.69,-7.69,69.07,17509877,1030000000,1573515,123174191,178327240,4.29,4.18,6.24,4.29,5.43,0.4538,6.24,90.21,11.13,34.27,2.63,4.3,6.08,0,0,0,0,0,0,0,0,0,0,3.3,1,0,0,0,7.29,1,1,09:46,14:59,87,28.37,63.58,66.25,28.37,10.26,CLEAN,6.23,4.86,13:43,6.23,66.25,28.19,5.965,913209.0,3.56,1,0,77,6.18,7.22,5.95,6.61,4.29,6.24,4.29,-4.41,95.48,1.0,123200940.0,123.2,Consumer Cyclical,Auto Parts,Small,2331.0,v2,6.18,7.22,5.95,6.61,6.69,7.31,6.275,6.92,6.84,7.39,6.62,7.155,7.155,7.265,6.545,6.99
MTVA,2026-05-22,64.4,3.99,39.02,-664.05,12.24,86.5,2.66,15.43,23.01,2.66,-6.99,-68.52,65.58,39447345,20600000,2555884,3386639,5164370,3.555,2.89,4.29,3.38,3.8867,0.3425,12.675,-664.05,15.43,12.24,23.01,2.66,2.66,0,0,0,0,0,0,0,0,0,0,-30.2,5,1,1,1,-15.79,0,0,08:45,14:59,111,43.64,64.4,76.24,40.03,7.95,CLEAN,4.26,3.4,10:21,4.26,76.24,15.76,3.855,225439.0,-3.38,1,0,279,3.36,3.5,2.84,3.035,3.555,4.29,3.38,-10.14,137.01,0.0,3386639.0,3.39,Healthcare,Biotechnology,Micro,3576.0,v2,3.36,3.5,2.84,3.035,3.05,3.775,3.05,3.325,2.93,3.23,2.93,3.115,3.02,3.09,2.785,2.815
PCLA,2026-05-22,63.29,7.16,218.22,-0.58,15.86,98.1,6.24,53.08,160.76,12.43,-2.65,-2.65,11.24,34820090,247880000,656052,1080482,9613805,6.18,2.37,7.355,4.59,6.3683,0.4434,7.355,-0.58,53.08,15.86,160.76,6.24,12.43,0,0,0,0,0,0,0,0,0,0,-15.78,1,1,1,0,-10.06,1,1,08:45,14:59,111,30.49,63.29,63.29,28.9,7.52,CLEAN,7.16,4.62,14:59,7.16,63.29,12.4,6.62,150867.0,-7.54,1,0,1,6.44,13.8,6.03,11.69,6.18,7.355,4.59,-9.99,190.99,1.0,1080482.0,1.08,Communication Services,Telecom Services,Micro,490.0,v2,6.44,13.8,6.03,11.69,9.82,12.8,9.56,12.21,10.34,10.77,9.49,10.05,9.95,9.95,9.79,9.79
RYOJ,2026-05-22,87.0,4.93,145.27,-243.94,102.05,85.34,10.39,100.0,25.77,-3.68,-38.3,-56.53,22.03,39731306,56950000,180704,2544003,11550000,2.44,1.94,7.99,2.435,5.1183,0.5349,11.34,-243.94,100.0,102.05,25.77,10.39,-3.68,0,0,0,0,0,0,0,0,0,0,-32.86,1,1,1,1,-29.01,1,1,08:45,14:59,111,14.57,87.0,95.46,14.57,24.86,SUSPICIOUS,7.61,2.43,13:25,5.76,95.46,211.89,4.89,212885.0,-0.81,1,1,95,3.5,4.19,3.31,3.895,2.44,7.99,2.435,-38.8,109.67,0.0,2544003.0,2.54,Industrials,Consulting Services,Micro,280.0,v2,3.5,4.19,3.31,3.895,3.81,6.74,3.58,5.2,4.61,4.61,4.61,4.61,3.73,3.945,3.61,3.94
AIMD,2026-05-26,74.69,3.51,129.41,-45.55,130.92,84.26,10.7,100.0,-1.3,19.59,-7.02,-21.3,31.99,12406735,29920000,30363,2355587,7364542,1.52,1.54,3.775,1.52,2.935,0.2107,4.46,-45.55,100.0,130.92,-1.3,10.7,19.59,0,0,0,0,0,0,0,0,0,0,-43.3,1,1,1,1,-32.48,0,0,10:22,14:58,135,59.56,74.25,76.21,3.17,7.52,SUSPICIOUS,3.67,2.0,14:56,3.48,76.21,76.44,3.16,156131.0,-9.97,1,0,4,2.37,2.79,1.99,2.55,1.52,3.775,1.52,-16.29,78.99,0.0,2142861.0,2.14,Technology,Scientific & Technical Instruments,Micro,1963.0,v2,2.57,2.95,2.57,2.65,2.74,2.96,2.33,2.4,2.44,2.44,2.25,2.25,2.26,2.325,2.17,2.325
CODX,2026-05-26,96.66,9.65,90.34,-1270.83,38.65,90.53,4.66,9.15,37.41,7.98,-10.65,-10.65,95.68,49378145,34760000,5398358,3499254,3657380,6.96,5.065,10.8,6.36,8.9367,0.9531,10.8,-1270.83,9.15,38.65,37.41,4.66,7.98,0,0,0,0,0,0,0,0,0,0,-39.27,4,1,1,1,-16.68,1,1,8:45,14:58,275,30.58,96.68,96.68,30.33,19.67,CLEAN,10.68,6.48,14:55,9.75,96.68,54.56,9.355,308804.0,-3.06,1,1,5,8.04,11.47,6.77,7.64,6.96,10.8,6.36,-13.38,292.7,5.0,3499254.0,3.5,Healthcare,Medical Devices,Micro,3239.0,v2,8.78,13.51,8.78,11.1,11.79,13.17,8.2,8.21,6.83,7.395,5.86,6.28,7.23,9.03,6.15,6.26
CPSH,2026-05-26,73.0,11.16,86.0,-33.04,57.85,82.36,4.97,64.57,18.03,14.38,-1.67,-1.67,73.79,23956265,200950000,370998,13287698,18006963,7.07,5.99,11.35,6.76,9.7567,0.9239,11.35,-33.04,64.57,57.85,18.03,4.97,14.38,0,0,0,0,0,0,0,0,0,0,-24.64,4,1,1,1,16.49,1,1,8:47,14:58,273,14.86,72.99,73.0,9.23,9.5,CLEAN,11.31,7.1,14:59,11.16,73.0,59.3,11.19,240901.0,0.27,1,0,1,13.0,14.24,11.12,11.66,7.07,11.35,6.76,-1.41,128.11,3.0,13287698.0,13.29,Technology,Electronic Components,Micro,11738.0,v2,9.43,12.1,9.43,11.1,10.35,10.35,8.99,8.99,8.74,9.93,8.41,9.43,9.34,10.47,9.19,9.27
PCLA,2026-05-26,70.58,12.36,86.71,93.08,91.93,99.19,8.03,1.74,-2.72,15.19,-10.43,-10.43,11.24,2395966,427900000,1377146,1080482,9613805,6.44,6.62,13.8,6.03,10.73,0.9672,13.8,93.08,1.74,91.93,-2.72,8.03,15.19,0,0,0,0,0,0,0,0,0,0,-42.96,5,1,1,1,-20.55,0,0,14:27,14:58,22,1.89,70.52,70.58,1.89,14.88,SUSPICIOUS,12.36,7.65,14:59,12.36,70.58,57.25,11.69,26175.0,-5.42,1,0,1,9.82,12.8,9.56,12.21,6.44,13.8,6.03,-15.29,323.4,2.0,1080482.0,1.08,Communication Services,Telecom Services,Micro,494.0,v2,10.34,10.77,9.49,10.05,9.95,9.95,9.79,9.79,9.32,9.32,9.32,9.32,7.78,8.08,7.05,7.05
VCIG,2026-05-26,97.0,2.77,108.31,-870.38,68.9,85.04,6.19,49.65,26.15,13.68,-10.93,-88.07,0.56,64353105,18370000,1296151,20769,3685949,1.64,1.3,3.11,1.43,2.4367,0.2713,23.22,-870.38,49.65,68.9,26.15,6.19,13.68,0,0,0,0,0,0,0,0,0,0,16.97,1,0,0,0,24.91,1,1,11:57,14:58,133,83.82,94.0,97.0,30.33,8.23,CLEAN,3.05,2.06,12:45,2.61,97.0,48.06,2.88,143629.0,3.97,1,1,135,3.46,4.95,3.24,4.74,1.64,3.11,1.43,-7.4,193.02,3.0,20769.0,0.02,Industrials,Consulting Services,Micro,1138.0,v2,3.83,6.45,3.8,5.68,5.75,11.1,5.43,8.45,7.72,8.64,6.52,7.795,6.33,9.36,6.33,8.96
ASTC,2026-05-27,94.16,13.66,453.04,-7936.65,84.35,93.38,9.87,66.75,195.22,3.33,-30.84,-30.84,74.25,141200295,24000000,2115391,1306057,1758953,7.41,2.51,19.75,6.25,13.22,1.3681,19.75,-7936.65,66.75,84.35,195.22,9.87,3.33,0,0,0,0,0,0,0,0,0,0,24.52,1,0,0,0,59,1,1,8:45,14:59,138,55.5,94.16,100.0,49.38,20.07,SUSPICIOUS,18.99,6.28,10:15,9.84,100.0,154.9,13.745,641045.0,0.62,1,1,285,21.72,35.0,17.01,29.42,7.41,19.75,6.25,-30.41,319.21,1.0,1306057.0,1.31,Technology,Scientific & Technical Instruments,Micro,11114.0,v2,37.91,67.81,34.19,49.03,40.51,42.375,33.77,35.39,29,57.75,28.74,45.41,44.7,50.3,37.09,39
QTEX,2026-05-27,77.68,2.23,46.71,-59.69,77.69,92.04,5.27,3.98,-16.61,15.54,-4.7,-4.7,73.81,69589787,97180000,17495098,32167595,43579260,1.255,1.505,2.34,1.22,1.93,0.2127,2.34,-59.69,3.98,77.69,-16.61,5.27,15.54,0,0,0,0,0,0,0,0,0,0,-16.82,5,1,1,0,14.8,1,1,13:36,14:59,25,68.4,77.68,77.68,68.4,3.34,CLEAN,2.31,2.01,14:59,2.23,77.68,9.48,2.08,453052.0,-6.73,0,0,1,2.56,3.38,2.27,3.01,1.255,2.34,1.22,-11.11,266.53,2.0,32167595.0,32.17,Technology,Computer Hardware,Micro,1777.0,v2,3.45,3.69,2.13,3.06,3.005,3.83,2.955,3.1,3.155,3.155,2.235,2.44,2.18,2.425,1.855,2.1
QTTB,2026-05-27,67.63,12.57,77.29,-17.06,36.93,83.97,4.13,61.53,28.75,8.36,-3.68,-3.68,57.13,19849445,213140000,322580,9687878,16956415,9.18,7.13,13.05,9.18,11.6,0.9381,13.05,-17.06,61.53,36.93,28.75,4.13,8.36,0,0,0,0,0,0,0,0,0,0,-19.73,1,1,1,0,-8.35,0,0,8:45,14:59,139,33.89,67.63,67.63,33.89,5.83,CLEAN,12.99,10.15,14:58,12.56,67.63,27.98,13.0,330193.0,3.42,1,0,2,11.52,12.13,10.09,10.24,9.18,13.05,9.18,-0.38,114.93,2.0,9687878.0,9.69,Healthcare,Biotechnology,Micro,2981.0,v2,10.63,12.02,10.39,11.07,11.81,12.48,11.51,11.77,12.185,13.165,11.59,12.73,12.255,12.975,11.55,12.23
VCIG,2026-05-27,74.62,4.12,42.07,-210.33,19.08,92.41,4.26,7.86,20.14,0.45,-16.68,-82.26,0.56,20585401,27330000,2619593,20769,3685949,3.46,2.88,4.945,3.24,4.1017,0.4003,23.22,-210.33,7.86,19.08,20.14,4.26,0.45,0,0,0,0,0,0,0,0,0,0,-7.77,1,0,0,0,-7.04,1,1,8:45,14:59,138,16.22,74.62,80.42,15.78,16.87,CLEAN,4.5,3.34,14:00,4.22,80.42,29.68,4.735,130307.0,14.93,1,0,60,3.83,6.45,3.8,5.68,3.46,4.945,3.24,-4.25,304.63,4.0,20769.0,0.02,Industrials,Consulting Services,Micro,1139.0,v2,5.75,11.1,5.43,8.45,7.72,8.64,6.52,7.795,6.33,9.36,6.33,8.96,8.44,9.18,7.78,7.92
AKTX,2026-05-28,65.76,24.0,50.71,-38.69,43.2,85.26,3.5,2.12,3.33,9.94,-3.26,-3.26,3610800.0,1581029,27360000,744862,41328783504,1144588,16.76,16.22,24.81,16.68,21.83,2.3238,24.81,-38.69,2.12,43.2,3.33,3.5,9.94,0,0,0,0,0,0,0,0,0,0,-45.62,2,1,1,1,4,0,0,9:05,14:58,66,24.71,65.66,65.89,24.71,7.2,CLEAN,28.53,19.12,14:22,24.8,65.89,47.75,22.56,4125.0,-6.0,1,1,38,24.96,24.99,16.2,16.2,16.76,24.81,16.68,-9.07,201.37,0.0,41328783504.0,41328.78,Healthcare,Biotechnology,Micro,4524.0,v2,15.76,15.76,13.05,13.415,14.69,15.18,14.525,14.77,14.77,14.77,14.77,14.77,15.66,16.105,15.66,16.105
ASTC,2026-05-28,82.11,26.37,90.95,-2270.04,21.41,97.12,6.45,9.33,58.02,0.93,-24.66,-24.66,74.25,41684616,46380000,4469208,1306057,1758953,21.72,13.745,35.0,17.01,26.1267,2.7887,35.0,-2270.04,9.33,21.41,58.02,6.45,0.93,0,0,0,0,0,0,0,0,0,0,8.99,3,0,0,0,43.76,1,1,8:45,14:58,79,46.89,83.25,98.03,46.78,17.64,CLEAN,33.5,17.21,14:34,32.74,98.03,57.35,29.42,248137.0,11.57,1,1,26,37.91,67.81,34.19,49.03,21.72,35.0,17.01,-15.94,542.32,2.0,1306057.0,1.31,Technology,Scientific & Technical Instruments,Micro,11115.0,v2,40.51,42.375,33.77,35.39,29,57.75,28.74,45.41,44.7,50.3,37.09,39,38.51,45.94,37.715,39.265
ATPC,2026-05-28,60.51,6.44,125.96,-5163.21,11.61,78.71,3.96,17.6,96.93,-5.01,-22.78,-22.78,43.3,52632145,6440000,2990770,433301,1000626,5.77,2.93,8.34,5.56,6.78,0.7024,8.34,-5163.21,17.6,11.61,96.93,3.96,-5.01,0,0,0,0,0,0,0,0,0,0,-56.37,3,1,1,1,-8.7,0,0,8:45,14:58,79,43.22,61.23,69.86,39.85,9.29,CLEAN,6.93,5.56,12:12,6.85,69.86,13.79,6.07,132099.0,-5.75,1,0,168,5.88,5.98,4.72,5.02,5.77,8.34,5.56,-27.22,122.85,0.0,433301.0,0.43,Consumer Defensive,Packaged Foods,Micro,989.0,v2,5.71,5.76,4.59,4.59,3.76,3.94,2.81,2.99,3.265,4.91,3.265,4.13,3.85,3.85,3.61,3.61
CODX,2026-05-28,67.67,11.02,50.96,-416.77,25.51,81.93,3.04,2.97,14.92,-0.75,-18.43,-18.43,95.68,18616807,39700000,6257845,3499254,3657380,8.78,7.64,13.51,8.78,11.1033,1.5541,13.51,-416.77,2.97,25.51,14.92,3.04,-0.75,0,0,0,0,0,0,0,0,0,0,-59.62,5,1,1,1,6.99,1,1,8:45,14:58,79,10.04,63.53,82.09,6.13,23.3,CLEAN,12.91,8.65,13:18,12.64,82.09,49.25,11.095,127345.0,0.68,1,1,102,11.79,13.17,8.2,8.21,8.78,13.51,8.78,-17.88,251.5,0.0,3499254.0,3.5,Healthcare,Medical Devices,Micro,3241.0,v2,6.83,7.395,5.86,6.28,7.23,9.03,6.15,6.26,6.075,6.075,5.06,5.21,4.765,6.5,4.45,5.745
CUPR,2026-05-28,66.61,3.16,42.8,-17.76,31.12,96.65,5.07,3.93,10.8,3.61,-13.19,-66.63,100.0,1088169,2920000,276702,920634,920625,2.41,2.175,3.64,2.35,3.05,0.2544,9.47,-17.76,3.93,31.12,10.8,5.07,3.61,0,0,0,0,0,0,0,0,0,0,-25.63,1,1,1,1,-19.62,0,0,9:18,14:58,60,24.8,67.27,70.19,14.85,13.39,CLEAN,3.29,2.35,14:08,3.29,70.19,26.54,3.29,5460.0,4.11,1,0,52,2.54,2.54,2.35,2.5,2.41,3.64,2.35,-9.62,544.44,1.0,920634.0,0.92,Healthcare,Medical Instruments & Supplies,Micro,412.0,v2,2.475,2.595,2.475,2.595,2.73,2.73,2.73,2.73,2.845,2.87,2.675,2.87,2.71,2.785,2.71,2.77
MASK,2026-05-28,80.0,4.11,197.82,-12598.44,122.16,73.98,7.81,34.78,33.09,-0.52,-37.35,-37.35,37.79,143668517,4650000,4130320,426931,1129604,1.85,1.39,6.56,1.725,4.1317,0.6188,6.56,-12598.44,34.78,122.16,33.09,7.81,-0.53,0,0,0,0,0,0,0,0,0,0,-13.14,1,1,0,0,16.55,1,1,8:51,14:58,73,48.84,80.0,90.0,47.57,10.4,SUSPICIOUS,6.56,2.01,10:13,4.86,90.0,221.57,4.13,617741.0,0.49,1,1,287,4.79,5.44,3.57,3.63,1.85,6.56,1.725,-37.04,103.5,0.0,426931.0,0.43,Technology,Software - Application,Micro,504.0,v2,5.355,6.99,4.9,5.465,5.01,5.53,4.83,5.19,4.61,4.61,4.09,4.09,4,4,3.875,3.875
QTEX,2026-05-28,71.16,3.09,47.14,-121.36,20.94,94.86,3.82,5.21,22.84,6.06,-8.58,-8.58,73.81,96476270,134670000,18511801,32167595,43579260,2.555,2.08,3.38,2.27,2.9133,0.2904,3.38,-121.36,5.21,20.94,22.84,3.82,6.07,0,0,0,0,0,0,0,0,0,0,-45.31,5,1,1,1,11.65,1,1,8:45,14:58,78,18.47,71.88,78.56,15.69,23.89,CLEAN,3.32,2.27,13:31,3.32,78.56,31.75,3.01,616850.0,-2.59,1,0,89,3.45,3.69,2.13,3.06,2.555,3.38,2.27,-10.95,332.79,3.0,32167595.0,32.17,Technology,Computer Hardware,Micro,1778.0,v2,3.005,3.83,2.955,3.1,3.155,3.155,2.235,2.44,2.18,2.425,1.855,2.1,1.81,2.145,1.69,1.86
SPRC,2026-05-28,62.0,12.52,185.29,-5903.55,-5.51,85.16,5.79,82.2,116.86,-0.92,-17.14,-17.14,92.85,34477268,7190000,419439,532279,573243,13.25,6.11,15.11,10.28,12.6367,0.8339,15.11,-5903.55,82.2,-5.51,116.86,5.79,-0.92,0,0,0,0,0,0,0,0,0,0,-32.43,1,1,1,1,-28.04,1,1,8:45,14:58,79,52.44,62.0,65.82,52.44,2.53,CLEAN,14.14,10.46,9:04,14.14,65.82,13.57,11.23,138769.0,-10.3,1,1,356,9.01,10.03,8.46,9.49,13.25,15.11,10.28,-25.68,66.61,0.0,532279.0,0.53,Healthcare,Biotechnology,Micro,1731.0,v2,9.81,10.895,9.81,10.51,8.97,8.97,8.88,8.88,9.475,10.96,9.085,10.96,13.5,15.3,10.99,11.51
VCIG,2026-05-28,67.03,6.31,32.02,16.08,64.54,94.06,4.69,1.87,-19.01,14.35,-2.09,-72.83,0.56,5567279,41860000,2969859,20769,3685949,3.835,4.735,6.445,3.8,5.5183,0.5645,23.22,16.08,1.87,64.54,-19.01,4.69,14.35,0,0,0,0,0,0,0,0,0,0,-13.95,1,1,0,0,-8.87,1,1,14:21,14:58,10,63.79,67.2,67.27,63.71,1.49,CLEAN,6.44,5.56,14:57,6.44,67.27,15.83,5.68,80400.0,-9.98,1,0,3,5.75,11.1,5.43,8.45,3.835,6.445,3.8,-11.87,303.94,5.0,20769.0,0.02,Industrials,Consulting Services,Micro,1140.0,v2,7.72,8.64,6.52,7.795,6.33,9.36,6.33,8.96,8.44,9.18,7.78,7.92,8.255,8.9,7.96,8.24
ASTC,2026-05-29,85.08,48.5,64.8,-1490.22,27.93,98.4,6.31,5.4,28.86,-3.32,-28.48,-28.48,74.25,27974793,85320000,5181179,1306057,1758953,37.91,29.42,67.81,34.185,50.165,5.3317,67.81,-1490.22,5.4,27.93,28.86,6.31,-3.32,0,0,0,0,0,0,0,0,0,0,-40.74,2,1,1,1,-16.47,1,1,8:45,14:59,145,25.57,85.08,96.51,25.11,16.65,CLEAN,67.46,34.42,13:03,59.13,96.51,80.57,49.03,132560.0,1.09,1,1,117,40.51,42.375,33.77,35.39,,,,,,,,,,,,,v2,29,57.75,28.74,45.41,44.7,50.3,37.09,39,38.51,45.94,37.715,39.265,40.49,40.99,31.805,34.035
OLOX,2026-05-29,63.23,8.79,78.66,-2697.71,-13.27,90.46,4.56,100.0,104.75,-5.69,-21.38,-21.38,45.83,26894949,8450000,183207,549954,1199995,10.135,4.95,11.18,7.99,9.32,0.7,11.18,-2697.71,100.0,-13.27,104.75,4.56,-5.69,0,0,0,0,0,0,0,0,0,0,-14.62,5,1,0,0,-7.45,1,1,8:45,14:59,145,55.34,63.23,65.48,55.34,3.09,CLEAN,10.83,8.21,8:48,10.83,65.48,7.23,8.81,70613.0,0.23,0,1,372,8.135,10.16,7.9,9.62,,,,,,,,,,,,,v2,10.41,11.08,9.02,10.04,9.95,10.24,8.27,8.27,8.01,8.01,7.84,7.87,7.505,7.51,7.505,7.51
SPCE,2026-05-29,75.95,6.38,40.86,-62.38,35.17,86.64,4.44,17.56,4.66,10.86,-2.45,-2.45,96.2,163516896,642470000,9310982,100481064,104451974,4.72,4.51,6.54,4.345,5.755,0.4946,6.54,-62.38,17.56,35.17,4.66,4.44,10.86,0,0,0,0,0,0,0,0,0,0,-36.21,4,1,1,1,14.11,1,1,11:34,14:59,72,38.46,75.95,75.95,38.46,13.28,CLEAN,6.49,5.39,14:59,6.38,75.95,20.41,6.21,3558706.0,-2.66,1,0,1,7.28,8.9,6.25,7.56,,,,,,,,,,,,,v2,6.74,6.74,4.515,4.58,4.6,5.075,4.195,4.29,4.23,5.175,4.07,4.73,4.445,4.83,4.215,4.365
STG,2026-05-29,79.0,5.69,109.19,-375.66,10.92,85.36,7.22,100.0,62.34,6.32,-7.7,-56.4,18.5,24167507,28910000,3696,939318,5076094,5.13,3.16,6.165,4.2,5.3517,0.2721,13.05,-375.66,100.0,10.92,62.34,7.22,6.32,0,0,0,0,0,0,0,0,0,0,-41.65,4,1,1,1,-7.91,0,0,8:45,14:59,145,51.41,79.0,89.38,47.72,9.57,CLEAN,6.2,4.28,14:20,6.2,89.38,19.92,6.06,64753.0,6.5,1,0,40,5.24,5.24,4.33,4.65,,,,,,,,,,,,,v2,3.805,3.82,3.63,3.82,3.64,3.64,3.64,3.64,3.34,3.41,3.32,3.32,3.535,3.56,3.535,3.56
VCIG,2026-05-29,78.45,9.46,63.39,-58.39,64.38,96.84,6.37,3.47,1.32,9.2,-14.77,-59.26,0.37,10507861,62760000,3029088,20769,5540084,5.755,5.68,11.1,5.43,8.6633,0.8903,23.22,-58.39,3.47,64.38,1.32,6.37,9.2,0,0,0,0,0,0,0,0,0,0,-33.09,2,1,1,1,-18.39,0,0,9:23,14:59,121,54.09,78.45,78.45,45.19,9.38,CLEAN,11.16,6.85,14:59,9.46,78.45,55.65,8.45,46836.0,-10.68,1,1,1,7.72,8.64,6.52,7.795,,,,,,,,,,,,,v2,6.33,9.36,6.33,8.96,8.44,9.18,7.78,7.92,8.255,8.9,7.96,8.24,7.715,8.33,6.395,6.98
